{"channels": {"annotation": {"windowrange": [0, 0], "datatype": "uint32", "channel_type": "annotation", "readonly": 1, "propagate": 0, "exceptions": 0, "resolution": 1}}, "project": {"version": "0.0", "description": "kasthuri11cc_vesicles_ac3", "name": "kasthuri11cc_vesicles_ac3"}, "metadata": {"message": "Could not find metadata record with token kasthuri11cc_ac3_vesicles", "code": 400}, "dataset": {"description": "kasthuri11cc", "voxelres": {"1": [2.0, 2.0, 10.0], "0": [1.0, 1.0, 10.0], "3": [8.0, 8.0, 10.0], "2": [4.0, 4.0, 10.0], "5": [32.0, 32.0, 10.0], "4": [16.0, 16.0, 10.0], "7": [128.0, 128.0, 10.0], "6": [64.0, 64.0, 10.0]}, "timerange": [0, 0], "scaling": "zslices", "neariso_offset": {"1": [0.0, 0.0, 1.0], "0": [0.0, 0.0, 1.0], "3": [0.0, 0.0, 1.0], "2": [0.0, 0.0, 1.0], "5": [0.0, 0.0, 0.3333333333333333], "4": [0.0, 0.0, 0.5], "7": [0.0, 0.0, 0.07692307692307693], "6": [0.0, 0.0, 0.16666666666666666]}, "cube_dimension": {"1": [128, 128, 16], "0": [128, 128, 16], "3": [128, 128, 16], "2": [128, 128, 16], "5": [64, 64, 64], "4": [128, 128, 16], "7": [64, 64, 64], "6": [64, 64, 64]}, "offset": {"1": [0, 0, 1], "0": [0, 0, 1], "3": [0, 0, 1], "2": [0, 0, 1], "5": [0, 0, 1], "4": [0, 0, 1], "7": [0, 0, 1], "6": [0, 0, 1]}, "neariso_imagesize": {"1": [10752, 13312, 1850], "0": [21504, 26624, 1850], "3": [2688, 3328, 1850], "2": [5376, 6656, 1850], "5": [672, 832, 616], "4": [1344, 1664, 925], "7": [168, 208, 142], "6": [336, 416, 308]}, "neariso_voxelres": {"1": [2.0, 2.0, 10.0], "0": [1.0, 1.0, 10.0], "3": [8.0, 8.0, 10.0], "2": [4.0, 4.0, 10.0], "5": [32.0, 32.0, 30.0], "4": [16.0, 16.0, 20.0], "7": [128.0, 128.0, 130.0], "6": [64.0, 64.0, 60.0]}, "neariso_scaledown": {"1": 1, "0": 1, "3": 1, "2": 1, "5": 3, "4": 2, "7": 13, "6": 6}, "resolutions": [0, 1, 2, 3, 4, 5, 6, 7], "scalinglevels": 7, "imagesize": {"1": [10752, 13312, 1850], "0": [21504, 26624, 1850], "3": [2688, 3328, 1850], "2": [5376, 6656, 1850], "5": [672, 832, 1850], "4": [1344, 1664, 1850], "7": [168, 208, 1850], "6": [336, 416, 1850]}}}